module,loc,in_daily,direct_etf_imports,examples
ai_trading_system.cli_commands.etf_compat,88,0,2,interfaces.cli.etf_portfolio;interfaces.cli.etf_portfolio.data
ai_trading_system.cli_commands.etf_portfolio,146,0,7,interfaces.cli.etf_portfolio;interfaces.cli.etf_portfolio.data_quality;interfaces.cli.etf_portfolio.experiments
ai_trading_system.cli_direct,1225,0,5,interfaces.cli.etf_portfolio;interfaces.cli.etf_portfolio.data_quality;interfaces.cli.etf_portfolio.dynamic_v3_observation_lifecycle
ai_trading_system.dynamic_v3_trading2452_historical_evaluator,2433,0,6,etf_portfolio;etf_portfolio.dynamic_robustness;etf_portfolio.dynamic_v3_parameter_research
ai_trading_system.reports.executable_research_binding,3260,1,2,etf_portfolio;etf_portfolio.dynamic_v3_signal_input_completeness
ai_trading_system.reports.executable_research_evidence_repair,9995,1,3,etf_portfolio;etf_portfolio.models;etf_portfolio.signals
ai_trading_system.research_campaign,7715,0,5,etf_portfolio;etf_portfolio.weight_research_b2_b3_v2;etf_portfolio.weight_research_b2_control_windows
ai_trading_system.research_restart_decision,909,0,2,etf_portfolio;etf_portfolio.dynamic_v3_r1_evidence
ai_trading_system.trading2453_constraint_hit_diagnosis,1024,0,2,etf_portfolio;etf_portfolio.dynamic_v3_parameter_research
