advance_decline_proxy,breadth_momentum,cap_weight_proxy_return,date,equal_weight_return,index_id,member_count,pct_above_ma20,pct_above_ma200,pct_above_ma50,priced_member_count,qqq_return
,,,2024-06-28,,$NDX,101,,,,101,
-0.158416,,0.010324,2024-07-01,-0.001969,$NDX,101,,,,101,0.005865
0.485149,,0.022204,2024-07-02,0.008089,$NDX,101,,,,101,0.0105
-0.029703,,0.027559,2024-07-03,0.001837,$NDX,101,,,,101,0.008337
0.415842,,0.009185,2024-07-05,0.007826,$NDX,101,,,,101,0.010427
-0.188119,,0.006471,2024-07-08,-0.001102,$NDX,101,,,,101,0.002378
-0.257426,,0.011183,2024-07-09,-0.003382,$NDX,101,,,,101,0.000865
0.455446,,0.013256,2024-07-10,0.008784,$NDX,101,,,,101,0.010427
0.069307,,-0.037712,2024-07-11,-0.004242,$NDX,101,,,,101,-0.02193
0.60396,,0.012222,2024-07-12,0.008998,$NDX,101,,,,101,0.005875
0.128713,,0.003364,2024-07-15,0.001428,$NDX,101,,,,101,0.002688
0.524752,,0.00084,2024-07-16,0.010214,$NDX,101,,,,101,0.000383
-0.306931,,-0.039694,2024-07-17,-0.018477,$NDX,101,,,,101,-0.029355
-0.475248,,0.001443,2024-07-18,-0.009246,$NDX,101,,,,101,-0.004733
-0.366337,,-0.01674,2024-07-19,-0.007221,$NDX,101,,,,101,-0.008864
0.465347,,0.011584,2024-07-22,0.010955,$NDX,101,,,,101,0.014898
-0.405941,,-0.004494,2024-07-23,-0.007647,$NDX,101,,,,101,-0.003525
-0.524752,,-0.057404,2024-07-24,-0.024788,$NDX,101,,,,101,-0.03587
-0.148515,,-0.00958,2024-07-25,-0.005334,$NDX,101,,,,101,-0.011028
0.663366,,0.007612,2024-07-26,0.009002,$NDX,101,0.356436,,,101,0.010256
0.19802,,0.006757,2024-07-29,0.003379,$NDX,101,0.39604,,,101,0.002009
-0.128713,,-0.029443,2024-07-30,-0.00772,$NDX,101,0.346535,,,101,-0.013731
0.524752,,0.05467,2024-07-31,0.019586,$NDX,101,0.415842,,,101,0.029594
-0.623762,,-0.041109,2024-08-01,-0.024648,$NDX,101,0.376238,,,101,-0.024221
-0.50495,,-0.030512,2024-08-02,-0.026003,$NDX,101,0.326733,,,101,-0.023735
-0.762376,,-0.034512,2024-08-05,-0.021612,$NDX,101,0.178218,,,101,-0.029816
0.465347,,0.013147,2024-08-06,0.008893,$NDX,101,0.247525,,,101,0.009555
-0.425743,,-0.02621,2024-08-07,-0.009681,$NDX,101,0.207921,,,101,-0.01083
0.841584,,0.039332,2024-08-08,0.027776,$NDX,101,0.306931,,,101,0.030591
0.148515,,0.002975,2024-08-09,0.00268,$NDX,101,0.326733,,,101,0.005222
-0.346535,,0.009521,2024-08-12,-0.003215,$NDX,101,0.326733,,,101,0.002154
0.80198,,0.038946,2024-08-13,0.021065,$NDX,101,0.465347,,,101,0.024813
0.069307,,-0.000284,2024-08-14,-0.000179,$NDX,101,0.534653,,,101,0.000324
0.841584,,0.033399,2024-08-15,0.024268,$NDX,101,0.683168,,,101,0.025263
0.168317,,0.004355,2024-08-16,0.002282,$NDX,101,0.732673,,,101,0.001286
0.841584,,0.020803,2024-08-19,0.011945,$NDX,101,0.851485,,,101,0.013136
-0.247525,,-0.006419,2024-08-20,-0.004296,$NDX,101,0.841584,,,101,-0.002099
0.60396,,0.00697,2024-08-21,0.008445,$NDX,101,0.881188,,,101,0.004664
-0.584158,,-0.026664,2024-08-22,-0.014161,$NDX,101,0.772277,,,101,-0.015855
0.683168,,0.023945,2024-08-23,0.011618,$NDX,101,0.90099,,,101,0.010846
-0.128713,,-0.021722,2024-08-26,-0.008143,$NDX,101,0.841584,,,101,-0.009708
0.089109,,0.000246,2024-08-27,0.001325,$NDX,101,0.821782,,,101,0.002987
-0.60396,,-0.025368,2024-08-28,-0.01192,$NDX,101,0.742574,,,101,-0.011347
0.306931,,-0.016128,2024-08-29,0.004322,$NDX,101,0.792079,,,101,-0.001464
0.623762,,0.015479,2024-08-30,0.011761,$NDX,101,0.841584,,,101,0.011919
-0.544554,,-0.04426,2024-09-03,-0.025118,$NDX,101,0.584158,,,101,-0.030361
-0.009901,,-0.004794,2024-09-04,-0.005756,$NDX,101,0.524752,,,101,-0.002599
-0.386139,,0.008557,2024-09-05,-0.003587,$NDX,101,0.445545,,,101,0.000934
-0.821782,,-0.041206,2024-09-06,-0.019212,$NDX,101,0.257426,,,101,-0.026787
0.663366,,0.019571,2024-09-09,0.011891,$NDX,101,0.376238,,0.475248,101,0.01286
0.158416,,0.012632,2024-09-10,0.002826,$NDX,101,0.376238,,0.485149,101,0.009242
0.386139,,0.03359,2024-09-11,0.01417,$NDX,101,0.445545,,0.524752,101,0.021715
0.50495,,0.010837,2024-09-12,0.004653,$NDX,101,0.524752,,0.564356,101,0.009816
0.49505,,0.004319,2024-09-13,0.008265,$NDX,101,0.544554,,0.613861,101,0.00448
0.108911,,-0.009657,2024-09-16,0.000948,$NDX,101,0.623762,,0.60396,101,-0.004418
-0.019802,,-0.000328,2024-09-17,8e-05,$NDX,101,0.584158,,0.594059,101,0.000528
-0.336634,,-0.007093,2024-09-18,-0.0037,$NDX,101,0.524752,,0.564356,101,-0.004329
0.693069,,0.034163,2024-09-19,0.019487,$NDX,101,0.752475,,0.722772,101,0.025284
-0.425743,,-0.005573,2024-09-20,-0.003926,$NDX,101,0.693069,,0.643564,101,-0.001903
0.217822,,0.004038,2024-09-23,0.001854,$NDX,101,0.693069,,0.683168,101,0.00265
0.188119,,0.010262,2024-09-24,0.003049,$NDX,101,0.693069,,0.70297,101,0.004824
-0.29703,,0.007014,2024-09-25,-0.003405,$NDX,101,0.623762,,0.673267,101,0.000927
0.366337,,0.008995,2024-09-26,0.010438,$NDX,101,0.722772,,0.752475,101,0.007513
-0.019802,,-0.002665,2024-09-27,-0.000225,$NDX,101,0.70297,,0.782178,101,-0.005557
0.039604,,0.000342,2024-09-30,-0.001249,$NDX,101,0.722772,,0.772277,101,0.002712
-0.544554,,-0.015591,2024-10-01,-0.011,$NDX,101,0.574257,,0.653465,101,-0.013932
0.168317,,0.000557,2024-10-02,0.003406,$NDX,101,0.60396,,0.673267,101,0.001413
-0.534653,,0.000354,2024-10-03,-0.004205,$NDX,101,0.514851,,0.633663,101,-0.000747
0.643564,,0.018189,2024-10-04,0.01144,$NDX,101,0.584158,,0.673267,101,0.011898
-0.613861,0.089109,-0.008024,2024-10-07,-0.008266,$NDX,101,0.475248,,0.564356,101,-0.010712
0.683168,0.178218,0.017411,2024-10-08,0.009383,$NDX,101,0.574257,,0.663366,101,0.014935
0.623762,0.188119,0.003497,2024-10-09,0.010089,$NDX,101,0.673267,,0.712871,101,0.007868
-0.267327,0.148515,0.000826,2024-10-10,-0.000903,$NDX,101,0.574257,,0.712871,101,-0.001136
0.60396,0.148515,-0.006849,2024-10-11,0.008429,$NDX,101,0.752475,,0.762376,101,0.001563
0.485149,0.207921,0.007971,2024-10-14,0.007562,$NDX,101,0.811881,,0.811881,101,0.008391
-0.207921,0.09901,-0.02121,2024-10-15,-0.013959,$NDX,101,0.633663,,0.693069,101,-0.013367
0.069307,0.118812,0.004944,2024-10-16,0.001032,$NDX,101,0.613861,,0.683168,101,0.000122
-0.029703,-0.069307,0.002141,2024-10-17,-0.002538,$NDX,101,0.584158,,0.653465,101,0.000693
0.405941,0.069307,0.009917,2024-10-18,0.005786,$NDX,101,0.653465,,0.712871,101,0.006555
-0.356436,-0.029703,0.006345,2024-10-21,-0.004896,$NDX,101,0.554455,,0.653465,101,0.001921
-0.128713,-0.079208,-0.000797,2024-10-22,-0.001407,$NDX,101,0.594059,,0.623762,101,0.00109
-0.623762,-0.108911,-0.018153,2024-10-23,-0.011357,$NDX,101,0.455446,,0.564356,101,-0.015324
0.207921,-0.168317,0.027904,2024-10-24,0.005334,$NDX,101,0.49505,,0.584158,101,0.008109
0.306931,-0.148515,0.01531,2024-10-25,0.004309,$NDX,101,0.544554,,0.633663,101,0.006094
0.029703,-0.168317,-0.005964,2024-10-28,0.001291,$NDX,101,0.574257,,0.60396,101,0.000162
0.207921,-0.029703,0.007248,2024-10-29,0.006888,$NDX,101,0.564356,,0.623762,101,0.009608
-0.227723,-0.059406,-0.016387,2024-10-30,-0.010193,$NDX,101,0.49505,,0.613861,101,-0.007558
-0.485149,-0.108911,-0.032927,2024-10-31,-0.016161,$NDX,101,0.326733,,0.524752,101,-0.025243
0.287129,-0.108911,0.008567,2024-11-01,0.007628,$NDX,101,0.366337,,0.564356,101,0.007399
-0.049505,-0.039604,-0.005824,2024-11-04,-0.001565,$NDX,101,0.356436,,0.524752,101,-0.002913
0.70297,-0.09901,0.018496,2024-11-05,0.011035,$NDX,101,0.465347,,0.564356,101,0.012757
0.465347,-0.039604,0.037685,2024-11-06,0.023039,$NDX,101,0.673267,,0.673267,101,0.027163
0.485149,0.019802,0.02093,2024-11-07,0.013282,$NDX,101,0.722772,,0.732673,101,0.015744
-0.148515,-0.049505,0.010225,2024-11-08,-0.002473,$NDX,101,0.693069,,0.712871,101,0.001168
0.049505,-0.188119,0.026367,2024-11-11,0.001764,$NDX,101,0.653465,,0.623762,101,-0.000583
-0.118812,-0.049505,-0.020135,2024-11-12,-0.004282,$NDX,101,0.633663,,0.643564,101,-0.00181
0.069307,-0.039604,-0.001815,2024-11-13,-0.001005,$NDX,101,0.623762,,0.643564,101,-0.001287
-0.405941,0.0,-0.016008,2024-11-14,-0.008466,$NDX,101,0.623762,,0.653465,101,-0.00695
-0.80198,-0.168317,-0.015621,2024-11-15,-0.024407,$NDX,101,0.50495,,0.544554,101,-0.023826
0.326733,-0.059406,0.013653,2024-11-18,0.008895,$NDX,101,0.524752,,0.594059,101,0.006948
-0.009901,-0.069307,0.02275,2024-11-19,0.003927,$NDX,101,0.524752,,0.554455,101,0.00688
0.247525,0.029703,-0.006809,2024-11-20,0.002496,$NDX,101,0.544554,,0.594059,101,-0.000576
0.643564,0.059406,0.00427,2024-11-21,0.014416,$NDX,101,0.623762,,0.643564,101,0.003597
0.386139,-0.009901,-0.002559,2024-11-22,0.009206,$NDX,101,0.623762,,0.623762,101,0.001604
0.445545,0.069307,-0.005088,2024-11-25,0.010324,$NDX,101,0.70297,,0.673267,101,0.001582
-0.049505,0.069307,0.001502,2024-11-26,-0.002133,$NDX,101,0.683168,,0.693069,101,0.005369
-0.326733,0.069307,-0.010072,2024-11-27,-0.006704,$NDX,101,0.623762,,0.683168,101,-0.007873
0.405941,0.158416,0.01206,2024-11-29,0.004891,$NDX,101,0.693069,,0.683168,101,0.008787
0.247525,0.128713,0.019793,2024-12-02,0.010183,$NDX,101,0.752475,,0.693069,101,0.010888
-0.148515,0.128713,-0.002034,2024-12-03,-0.003316,$NDX,101,0.683168,,0.653465,101,0.003066
0.306931,0.09901,0.019289,2024-12-04,0.009155,$NDX,101,0.693069,,0.663366,101,0.012363
-0.306931,-0.059406,-0.002779,2024-12-05,-0.009467,$NDX,101,0.564356,,0.613861,101,-0.002771
0.306931,-0.118812,0.015441,2024-12-06,0.007178,$NDX,101,0.60396,,0.613861,101,0.00895
-0.128713,-0.09901,-0.010218,2024-12-09,-0.006509,$NDX,101,0.564356,,0.613861,101,-0.007787
-0.267327,-0.039604,-0.006324,2024-12-10,-0.008857,$NDX,101,0.475248,,0.584158,101,-0.003408
0.366337,-0.039604,0.029025,2024-12-11,0.010084,$NDX,101,0.60396,,0.60396,101,0.017902
-0.237624,-0.079208,-0.011091,2024-12-12,-0.003589,$NDX,101,0.534653,,0.564356,101,-0.006454
-0.564356,-0.128713,0.01383,2024-12-13,-0.005038,$NDX,101,0.445545,,0.524752,101,0.007654
0.029703,-0.009901,0.02721,2024-12-16,0.002235,$NDX,101,0.405941,,0.534653,101,0.014401
-0.247525,-0.09901,-0.000947,2024-12-17,-0.004734,$NDX,101,0.405941,,0.49505,101,-0.004404
-0.980198,-0.188119,-0.046275,2024-12-18,-0.034937,$NDX,101,0.118812,,0.366337,101,-0.036077
-0.287129,-0.257426,-0.007416,2024-12-19,-0.008039,$NDX,101,0.09901,,0.336634,101,-0.004453
0.584158,-0.306931,0.002967,2024-12-20,0.0101,$NDX,101,0.158416,,0.336634,101,0.008732
0.168317,-0.227723,0.010338,2024-12-23,0.004313,$NDX,101,0.19802,,0.39604,101,0.009742
0.841584,-0.217822,0.02522,2024-12-24,0.010686,$NDX,101,0.247525,,0.455446,101,0.01356
-0.188119,-0.247525,-0.007349,2024-12-26,-0.001259,$NDX,101,0.287129,,0.445545,101,-0.000679
-0.80198,-0.287129,-0.024909,2024-12-27,-0.008884,$NDX,101,0.168317,,0.39604,101,-0.013293
-0.861386,-0.356436,-0.018331,2024-12-30,-0.01322,$NDX,101,0.108911,,0.326733,101,-0.0133
-0.346535,-0.415842,-0.016437,2024-12-31,-0.004053,$NDX,101,0.108911,,0.277228,101,-0.008495
-0.128713,-0.356436,-0.008302,2025-01-02,0.000989,$NDX,101,0.118812,,0.29703,101,-0.001956
0.722772,-0.287129,0.038659,2025-01-03,0.017301,$NDX,101,0.306931,,0.376238,101,0.016365
0.207921,-0.227723,0.018234,2025-01-06,0.007014,$NDX,101,0.435644,,0.386139,101,0.011493
-0.475248,-0.267327,-0.032057,2025-01-07,-0.010804,$NDX,101,0.326733,,0.346535,101,-0.017844
0.158416,-0.257426,-0.003573,2025-01-08,0.000774,$NDX,101,0.376238,,0.356436,101,0.000175
-0.742574,-0.336634,-0.013596,2025-01-10,-0.015353,$NDX,101,0.207921,,0.247525,101,-0.015681
0.168317,-0.405941,-0.004451,2025-01-13,0.000421,$NDX,101,0.247525,,0.19802,101,-0.003214
0.257426,-0.326733,-0.003014,2025-01-14,0.004459,$NDX,101,0.287129,,0.237624,101,-0.000949
0.742574,-0.158416,0.037316,2025-01-15,0.015738,$NDX,101,0.49505,,0.366337,101,0.023006
0.09901,-0.168317,-0.010572,2025-01-16,0.002808,$NDX,101,0.514851,,0.366337,101,-0.007006
0.623762,-0.059406,0.022339,2025-01-17,0.012902,$NDX,101,0.722772,,0.435644,101,0.016878
0.554455,0.128713,0.003888,2025-01-21,0.008481,$NDX,101,0.80198,,0.49505,101,0.005865
0.247525,0.207921,0.01198,2025-01-22,0.00717,$NDX,101,0.792079,,0.544554,101,0.012786
0.059406,0.207921,0.000972,2025-01-23,0.000742,$NDX,101,0.811881,,0.544554,101,0.002126
-0.118812,0.138614,-0.011685,2025-01-24,-0.004614,$NDX,101,0.792079,,0.534653,101,-0.005651
0.089109,0.089109,-0.04774,2025-01-27,-0.010787,$NDX,101,0.693069,,0.544554,101,-0.029115
-0.069307,0.09901,0.035184,2025-01-28,0.003798,$NDX,101,0.663366,,0.544554,101,0.01478
0.148515,0.178218,-0.012075,2025-01-29,0.001247,$NDX,101,0.70297,,0.574257,101,-0.001878
0.524752,0.277228,0.009381,2025-01-30,0.010399,$NDX,101,0.742574,,0.60396,101,0.004262
-0.247525,0.306931,-0.004004,2025-01-31,-0.001186,$NDX,101,0.70297,,0.584158,101,-0.001453
-0.158416,0.277228,-0.016381,2025-02-03,-0.003079,$NDX,101,0.643564,,0.574257,101,-0.008003
0.287129,0.158416,0.024107,2025-02-04,0.005882,$NDX,101,0.60396,,0.534653,101,0.012275
0.564356,0.178218,-0.001986,2025-02-05,0.010088,$NDX,101,0.673267,,0.564356,101,0.004538
0.138614,0.257426,0.007504,2025-02-06,0.001294,$NDX,101,0.70297,,0.60396,101,0.00522
-0.554455,0.217822,-0.013219,2025-02-07,-0.008162,$NDX,101,0.60396,,0.574257,101,-0.012613
0.524752,0.336634,0.012394,2025-02-10,0.009358,$NDX,101,0.663366,,0.584158,101,0.012105
-0.158416,0.405941,-0.013613,2025-02-11,-0.002342,$NDX,101,0.653465,,0.60396,101,-0.002381
-0.049505,0.376238,0.009433,2025-02-12,0.000798,$NDX,101,0.60396,,0.613861,101,0.000587
0.623762,0.306931,0.024869,2025-02-13,0.011007,$NDX,101,0.653465,,0.673267,101,0.014386
-0.089109,0.287129,0.008244,2025-02-14,0.00242,$NDX,101,0.673267,,0.653465,101,0.004199
0.366337,0.277228,0.006242,2025-02-18,0.010348,$NDX,101,0.70297,,0.712871,101,0.002267
0.128713,0.188119,-0.00671,2025-02-19,-0.000267,$NDX,101,0.693069,,0.683168,101,0.000278
-0.148515,0.148515,-0.009845,2025-02-20,-0.005508,$NDX,101,0.673267,,0.693069,101,-0.004245
-0.60396,0.079208,-0.031071,2025-02-21,-0.019197,$NDX,101,0.554455,,0.623762,101,-0.020755
-0.138614,0.069307,-0.022053,2025-02-24,-0.006953,$NDX,101,0.524752,,0.60396,101,-0.011804
-0.287129,-0.009901,-0.026962,2025-02-25,-0.010491,$NDX,101,0.465347,,0.534653,101,-0.012599
-0.089109,0.029703,0.002287,2025-02-26,0.001626,$NDX,101,0.485149,,0.574257,101,0.002416
-0.584158,-0.09901,-0.040822,2025-02-27,-0.020604,$NDX,101,0.326733,,0.475248,101,-0.027771
0.70297,-0.049505,0.023617,2025-02-28,0.012199,$NDX,101,0.415842,,0.554455,101,0.015792
-0.465347,-0.118812,-0.032209,2025-03-03,-0.014954,$NDX,101,0.356436,,0.465347,101,-0.021882
-0.207921,-0.138614,-0.001078,2025-03-04,-0.003657,$NDX,101,0.306931,,0.435644,101,-0.003018
0.50495,-0.019802,0.019226,2025-03-05,0.011057,$NDX,101,0.356436,,0.514851,101,0.013036
-0.584158,-0.138614,-0.043093,2025-03-06,-0.025762,$NDX,101,0.306931,,0.425743,101,-0.027509
0.366337,-0.138614,0.009077,2025-03-07,0.00854,$NDX,101,0.326733,,0.465347,101,0.007354
-0.584158,-0.237624,-0.059679,2025-03-10,-0.031303,$NDX,101,0.237624,,0.336634,101,-0.038756
-0.227723,-0.29703,0.012099,2025-03-11,-0.00586,$NDX,101,0.148515,,0.287129,101,-0.00239
0.049505,-0.326733,0.031127,2025-03-12,0.004447,$NDX,101,0.108911,,0.277228,101,0.011281
-0.623762,-0.376238,-0.020046,2025-03-13,-0.01636,$NDX,101,0.089109,,0.237624,101,-0.017991
0.841584,-0.405941,0.035408,2025-03-14,0.023606,$NDX,101,0.168317,,0.267327,101,0.024171
0.762376,-0.316832,-0.001859,2025-03-17,0.015462,$NDX,101,0.326733,,0.336634,101,0.006484
-0.643564,-0.405941,-0.026073,2025-03-18,-0.012277,$NDX,101,0.277228,,0.306931,101,-0.017047
0.564356,-0.336634,0.019856,2025-03-19,0.010988,$NDX,101,0.336634,,0.346535,101,0.013381
-0.366337,-0.386139,0.000111,2025-03-20,-0.003339,$NDX,101,0.356436,,0.306931,101,-0.00339
-0.079208,-0.336634,0.009499,2025-03-21,-0.001167,$NDX,101,0.316832,,0.287129,101,0.003297
0.762376,-0.257426,0.035998,2025-03-24,0.020451,$NDX,101,0.524752,,0.346535,101,0.021944
0.168317,-0.178218,0.01073,2025-03-25,0.002341,$NDX,101,0.574257,,0.356436,101,0.005707
-0.29703,-0.178218,-0.032666,2025-03-26,-0.010319,$NDX,101,0.544554,,0.39604,101,-0.018401
-0.138614,-0.09901,-0.010463,2025-03-27,-0.007454,$NDX,101,0.485149,,0.376238,101,-0.005698
-0.782178,-0.247525,-0.029667,2025-03-28,-0.024095,$NDX,101,0.257426,,0.306931,101,-0.026328
0.09901,-0.138614,-0.006665,2025-03-31,-0.00012,$NDX,101,0.336634,,0.326733,101,-4.3e-05
0.346535,-0.118812,0.01435,2025-04-01,0.005234,$NDX,101,0.356436,,0.316832,101,0.008061
0.584158,-0.168317,0.018124,2025-04-02,0.008768,$NDX,101,0.475248,,0.346535,101,0.007298
-0.613861,-0.138614,-0.061579,2025-04-03,-0.050997,$NDX,101,0.257426,,0.287129,101,-0.053534
-0.960396,-0.376238,-0.068128,2025-04-04,-0.063354,$NDX,101,0.049505,,0.089109,101,-0.062109
-0.089109,-0.287129,0.004665,2025-04-07,0.000446,$NDX,101,0.019802,,0.049505,101,0.002413
-0.742574,-0.247525,-0.025119,2025-04-08,-0.021331,$NDX,101,0.0,,0.039604,101,-0.018008
0.980198,-0.128713,0.154602,2025-04-09,0.112418,$NDX,101,0.316832,,0.148515,101,0.120031
-0.821782,-0.128713,-0.053141,2025-04-10,-0.042126,$NDX,101,0.118812,,0.108911,101,-0.042532
0.663366,-0.108911,0.018394,2025-04-11,0.015175,$NDX,101,0.277228,,0.158416,101,0.018423
0.465347,-0.108911,0.005721,2025-04-14,0.008842,$NDX,101,0.336634,,0.227723,101,0.006778
0.089109,-0.039604,0.006302,2025-04-15,0.002713,$NDX,101,0.405941,0.336634,0.267327,101,0.001115
-0.940594,-0.148515,-0.038829,2025-04-16,-0.022519,$NDX,101,0.237624,0.326733,0.19802,101,-0.030154
0.336634,-0.079208,-0.004264,2025-04-17,0.005911,$NDX,101,0.316832,0.346535,0.227723,101,-0.00018
-0.821782,-0.128713,-0.029175,2025-04-21,-0.021923,$NDX,101,0.148515,0.277228,0.158416,101,-0.024747
1.0,-0.118812,0.031226,2025-04-22,0.024348,$NDX,101,0.29703,0.326733,0.227723,101,0.026252
0.564356,-0.079208,0.032627,2025-04-23,0.018523,$NDX,101,0.49505,0.316832,0.277228,101,0.022678
0.70297,-0.09901,0.034216,2025-04-24,0.028509,$NDX,101,0.792079,0.366337,0.29703,101,0.028137
0.306931,-0.029703,0.027065,2025-04-25,0.005905,$NDX,101,0.762376,0.39604,0.346535,101,0.011148
0.168317,0.059406,-0.00029,2025-04-28,0.001373,$NDX,101,0.811881,0.386139,0.366337,101,-0.000317
0.465347,0.089109,0.00961,2025-04-29,0.005755,$NDX,101,0.871287,0.425743,0.415842,101,0.006604
0.326733,0.128713,-0.005654,2025-04-30,0.002144,$NDX,101,0.891089,0.405941,0.445545,101,-0.000126
-0.069307,0.089109,0.01176,2025-05-01,0.001378,$NDX,101,0.861386,0.435644,0.435644,101,0.013061
0.762376,0.346535,0.022602,2025-05-02,0.020479,$NDX,101,0.930693,0.50495,0.633663,101,0.014844
-0.207921,0.524752,-0.010215,2025-05-05,-0.003767,$NDX,101,0.861386,0.49505,0.613861,101,-0.005933
-0.435644,0.534653,-0.019297,2025-05-06,-0.008881,$NDX,101,0.811881,0.445545,0.584158,101,-0.009302
0.455446,0.554455,0.005713,2025-05-07,0.005269,$NDX,101,0.782178,0.465347,0.594059,101,0.003926
0.445545,0.455446,0.018177,2025-05-08,0.011507,$NDX,101,0.762376,0.50495,0.60396,101,0.010325
-0.207921,0.534653,0.004842,2025-05-09,0.001392,$NDX,101,0.762376,0.49505,0.643564,101,-0.000655
0.742574,0.623762,0.048416,2025-05-12,0.037369,$NDX,101,0.841584,0.613861,0.782178,101,0.04074
0.227723,0.544554,0.02784,2025-05-13,0.009654,$NDX,101,0.831683,0.623762,0.772277,101,0.015241
-0.089109,0.50495,0.017562,2025-05-14,-0.000346,$NDX,101,0.811881,0.623762,0.772277,101,0.005993
0.188119,0.623762,-0.006292,2025-05-15,0.004349,$NDX,101,0.861386,0.623762,0.821782,101,0.001099
0.554455,0.60396,0.006682,2025-05-16,0.006067,$NDX,101,0.881188,0.643564,0.831683,101,0.004352
0.227723,0.653465,-0.003625,2025-05-19,0.00103,$NDX,101,0.90099,0.653465,0.811881,101,0.000959
-0.108911,0.584158,-0.003221,2025-05-20,-0.001752,$NDX,101,0.90099,0.663366,0.811881,101,-0.003333
-0.881188,0.514851,-0.017336,2025-05-21,-0.016535,$NDX,101,0.752475,0.594059,0.792079,101,-0.013897
-0.108911,0.465347,0.00549,2025-05-22,-0.001392,$NDX,101,0.732673,0.613861,0.762376,101,0.001871
-0.485149,0.376238,-0.01145,2025-05-23,-0.008533,$NDX,101,0.623762,0.534653,0.722772,101,-0.009261
0.881188,0.435644,0.030589,2025-05-27,0.020321,$NDX,101,0.782178,0.623762,0.80198,101,0.023525
-0.50495,0.366337,-0.007452,2025-05-28,-0.00664,$NDX,101,0.683168,0.594059,0.782178,101,-0.004432
0.009901,0.316832,0.006449,2025-05-29,-0.00155,$NDX,101,0.683168,0.564356,0.762376,101,0.001966
0.069307,0.346535,-0.009667,2025-05-30,-0.001139,$NDX,101,0.594059,0.574257,0.782178,101,-0.001577
0.267327,0.138614,0.006294,2025-06-02,0.004779,$NDX,101,0.633663,0.594059,0.772277,101,0.007898
0.544554,0.207921,0.009685,2025-06-03,0.010269,$NDX,101,0.722772,0.613861,0.821782,101,0.007817
0.049505,0.237624,-0.00402,2025-06-04,0.002199,$NDX,101,0.683168,0.623762,0.821782,101,0.002788
-0.148515,0.217822,-0.034172,2025-06-05,-0.00348,$NDX,101,0.653465,0.60396,0.811881,101,-0.007527
0.762376,0.247525,0.020624,2025-06-06,0.008871,$NDX,101,0.722772,0.653465,0.851485,101,0.009775
0.029703,0.207921,0.014552,2025-06-09,0.001809,$NDX,101,0.693069,0.663366,0.851485,101,0.001472
0.386139,0.069307,0.017776,2025-06-10,0.00857,$NDX,101,0.712871,0.722772,0.851485,101,0.006614
-0.435644,0.059406,-0.002936,2025-06-11,-0.004074,$NDX,101,0.653465,0.683168,0.831683,101,-0.003369
0.089109,0.059406,-0.003357,2025-06-12,0.000559,$NDX,101,0.693069,0.683168,0.831683,101,0.002348
-0.80198,-0.029703,-0.007387,2025-06-13,-0.01444,$NDX,101,0.534653,0.633663,0.792079,101,-0.012555
0.584158,-0.019802,0.017237,2025-06-16,0.012846,$NDX,101,0.594059,0.663366,0.811881,101,0.01391
-0.742574,-0.059406,-0.012745,2025-06-17,-0.010731,$NDX,101,0.455446,0.633663,0.752475,101,-0.009751
-0.267327,-0.108911,0.003568,2025-06-18,-0.001522,$NDX,101,0.465347,0.623762,0.70297,101,-0.00017
-0.158416,-0.09901,-0.006113,2025-06-20,-0.003156,$NDX,101,0.455446,0.613861,0.693069,101,-0.004083
0.584158,0.0,0.015402,2025-06-23,0.008622,$NDX,101,0.524752,0.613861,0.762376,101,0.010283
0.683168,0.079208,0.008378,2025-06-24,0.01732,$NDX,101,0.673267,0.653465,0.80198,101,0.015292
-0.346535,-0.059406,0.000624,2025-06-25,-0.005057,$NDX,101,0.584158,0.623762,0.742574,101,0.002557
0.50495,-0.009901,0.005753,2025-06-26,0.007347,$NDX,101,0.663366,0.683168,0.772277,101,0.00935
0.237624,-0.019802,0.000186,2025-06-27,0.002577,$NDX,101,0.70297,0.693069,0.742574,101,0.003424
0.524752,0.009901,0.005134,2025-06-30,0.007184,$NDX,101,0.772277,0.70297,0.792079,101,0.006477
0.247525,0.039604,-0.017822,2025-07-01,0.00092,$NDX,101,0.831683,0.742574,0.811881,101,-0.008429
0.079208,-0.039604,0.018328,2025-07-02,0.003737,$NDX,101,0.782178,0.752475,0.782178,101,0.006965
0.524752,0.009901,0.008016,2025-07-03,0.009493,$NDX,101,0.861386,0.752475,0.831683,101,0.00984
-0.524752,-0.019802,-0.015216,2025-07-07,-0.008969,$NDX,101,0.80198,0.722772,0.792079,101,-0.007533
0.188119,-0.069307,0.004734,2025-07-08,0.005385,$NDX,101,0.792079,0.742574,0.782178,101,0.000562
0.148515,-0.039604,0.00468,2025-07-09,0.001855,$NDX,101,0.831683,0.752475,0.811881,101,0.007079
0.079208,-0.118812,0.006134,2025-07-10,-0.003298,$NDX,101,0.712871,0.722772,0.732673,101,-0.001438
-0.475248,-0.138614,0.001455,2025-07-11,-0.006659,$NDX,101,0.643564,0.722772,0.693069,101,-0.00225
0.19802,-0.09901,0.006334,2025-07-14,0.004922,$NDX,101,0.653465,0.712871,0.732673,101,0.003627
-0.465347,-0.128713,0.00285,2025-07-15,-0.007013,$NDX,101,0.485149,0.673267,0.663366,101,0.000917
0.148515,-0.148515,0.006989,2025-07-16,0.001606,$NDX,101,0.475248,0.693069,0.663366,101,0.001024
0.46,-0.072475,0.004716,2025-07-17,0.007887,$NDX,100,0.56,0.68,0.68,100,0.008093
0.02,-0.01297,-0.000655,2025-07-18,0.000458,$NDX,100,0.6,0.68,0.69,100,-0.000961
0.16,0.016931,0.003584,2025-07-21,0.002864,$NDX,100,0.57,0.69,0.71,100,0.005185
0.28,-0.042376,-0.005007,2025-07-22,0.004712,$NDX,100,0.68,0.75,0.72,100,-0.005176
0.24,-0.06198,0.005465,2025-07-23,0.003873,$NDX,100,0.7,0.76,0.74,100,0.004561
0.1,-0.012574,-0.007754,2025-07-24,-0.000933,$NDX,100,0.63,0.76,0.73,100,0.002128
0.18,-0.052277,0.008279,2025-07-25,0.00176,$NDX,100,0.67,0.74,0.72,100,0.002407
-0.049505,-0.029703,0.010399,2025-07-28,0.000512,$NDX,101,0.633663,0.752475,0.712871,101,0.003125
-0.029703,-0.128713,-0.004348,2025-07-29,-0.001521,$NDX,101,0.594059,0.752475,0.663366,101,-0.001549
-0.178218,-0.178218,0.002427,2025-07-30,-0.003166,$NDX,101,0.534653,0.70297,0.633663,101,0.00134
-0.60396,-0.257426,-0.004211,2025-07-31,-0.016713,$NDX,101,0.39604,0.60396,0.524752,101,-0.005299
-0.50495,-0.336634,-0.024935,2025-08-01,-0.014479,$NDX,101,0.346535,0.564356,0.49505,101,-0.019699
0.70297,-0.287129,0.019916,2025-08-04,0.01521,$NDX,101,0.455446,0.60396,0.50495,101,0.018452
-0.425743,-0.29703,-0.00315,2025-08-05,-0.007757,$NDX,101,0.415842,0.564356,0.485149,101,-0.00679
0.267327,-0.336634,0.01161,2025-08-06,0.005185,$NDX,101,0.425743,0.574257,0.475248,101,0.012583
-0.039604,-0.257426,0.01138,2025-08-07,-0.004058,$NDX,101,0.415842,0.564356,0.475248,101,0.003384
0.277228,-0.188119,0.008523,2025-08-08,0.000115,$NDX,101,0.465347,0.633663,0.50495,101,0.009328
-0.405941,-0.247525,0.000174,2025-08-11,-0.0053,$NDX,101,0.435644,0.594059,0.485149,101,-0.002959
0.564356,-0.148515,0.013046,2025-08-12,0.01368,$NDX,101,0.534653,0.623762,0.514851,101,0.012569
0.405941,-0.089109,0.001463,2025-08-13,0.009318,$NDX,101,0.564356,0.683168,0.574257,101,0.0005
-0.376238,-0.155248,-0.00447,2025-08-14,-0.006543,$NDX,101,0.49505,0.663366,0.524752,101,-0.000775
0.108911,-0.204851,-0.007485,2025-08-15,-0.001556,$NDX,101,0.455446,0.633663,0.485149,101,-0.004397
-0.029703,-0.20505,-0.00016,2025-08-18,0.001506,$NDX,101,0.50495,0.643564,0.50495,101,-0.000398
-0.069307,-0.22495,-0.019808,2025-08-19,-0.00535,$NDX,101,0.475248,0.643564,0.49505,101,-0.013568
-0.207921,-0.254851,-0.008058,2025-08-20,-0.002104,$NDX,101,0.445545,0.623762,0.485149,101,-0.005937
-0.336634,-0.284455,-0.004326,2025-08-21,-0.003527,$NDX,101,0.405941,0.613861,0.445545,101,-0.00463
0.623762,-0.145743,0.022523,2025-08-22,0.017345,$NDX,101,0.60396,0.683168,0.574257,101,0.015427
-0.584158,-0.227723,-0.000903,2025-08-25,-0.009273,$NDX,101,0.514851,0.623762,0.485149,101,-0.002885
0.029703,-0.188119,0.00645,2025-08-26,0.000123,$NDX,101,0.50495,0.613861,0.475248,101,0.004015
0.306931,-0.108911,-0.00021,2025-08-27,0.003791,$NDX,101,0.574257,0.643564,0.524752,101,0.001537
0.178218,0.039604,0.002604,2025-08-28,0.0042,$NDX,101,0.60396,0.643564,0.564356,101,0.00626
-0.366337,0.0,-0.02092,2025-08-29,-0.008225,$NDX,101,0.534653,0.643564,0.49505,101,-0.011576
-0.574257,-0.09901,-0.008641,2025-09-02,-0.007561,$NDX,101,0.366337,0.60396,0.405941,101,-0.00838
-0.069307,-0.089109,0.00889,2025-09-03,1e-06,$NDX,101,0.376238,0.60396,0.39604,101,0.007867
0.386139,-0.029703,0.00899,2025-09-04,0.006979,$NDX,101,0.455446,0.623762,0.445545,101,0.009051
0.089109,0.0,0.000579,2025-09-05,0.001243,$NDX,101,0.475248,0.623762,0.475248,101,0.001443
0.168317,-0.059406,0.005989,2025-09-08,0.003327,$NDX,101,0.49505,0.613861,0.445545,101,0.004878
-0.069307,-0.039604,0.005678,2025-09-09,0.001341,$NDX,101,0.475248,0.613861,0.445545,101,0.002833
-0.405941,-0.089109,0.004662,2025-09-10,-0.007604,$NDX,101,0.39604,0.564356,0.425743,101,0.000327
0.534653,-0.118812,0.012166,2025-09-11,0.013825,$NDX,101,0.49505,0.613861,0.455446,101,0.005821
-0.366337,-0.059406,0.018407,2025-09-12,-0.002914,$NDX,101,0.435644,0.60396,0.465347,101,0.004417
0.029703,-0.039604,0.015759,2025-09-15,0.002762,$NDX,101,0.435644,0.584158,0.445545,101,0.008557
-0.069307,-0.089109,0.00698,2025-09-16,0.000748,$NDX,101,0.455446,0.594059,0.415842,101,-0.000845
0.267327,-0.049505,-0.001137,2025-09-17,0.003771,$NDX,101,0.514851,0.594059,0.445545,101,-0.001996
0.168317,0.019802,0.010721,2025-09-18,0.011562,$NDX,101,0.564356,0.594059,0.50495,101,0.009017
0.049505,0.089109,0.005655,2025-09-19,0.000468,$NDX,101,0.544554,0.633663,0.534653,101,0.006769
0.089109,-0.089109,0.006161,2025-09-22,0.00348,$NDX,101,0.534653,0.613861,0.485149,101,0.00592
-0.089109,0.019802,-0.01073,2025-09-23,-0.00273,$NDX,101,0.524752,0.60396,0.50495,101,-0.006642
-0.138614,-0.019802,0.001893,2025-09-24,-0.002338,$NDX,101,0.524752,0.60396,0.455446,101,-0.003511
-0.366337,-0.108911,-0.009181,2025-09-25,-0.006252,$NDX,101,0.455446,0.584158,0.415842,101,-0.004311
0.485149,-0.089109,0.011098,2025-09-26,0.009831,$NDX,101,0.534653,0.613861,0.475248,101,0.004111
0.267327,0.0,0.007258,2025-09-29,0.006163,$NDX,101,0.584158,0.613861,0.49505,101,0.004631
0.069307,0.079208,0.004111,2025-09-30,-0.00023,$NDX,101,0.534653,0.594059,0.485149,101,0.002739
-0.029703,0.128713,0.009219,2025-10-01,0.004929,$NDX,101,0.574257,0.60396,0.524752,101,0.004797
0.306931,0.118812,-0.00142,2025-10-02,0.005646,$NDX,101,0.594059,0.643564,0.564356,101,0.004111
0.019802,0.079208,-0.008963,2025-10-03,-0.000129,$NDX,101,0.584158,0.623762,0.554455,101,-0.00421
0.168317,0.128713,0.02387,2025-10-06,0.00493,$NDX,101,0.60396,0.623762,0.574257,101,0.00751
-0.306931,0.089109,-0.000972,2025-10-07,-0.007336,$NDX,101,0.49505,0.613861,0.534653,101,-0.005266
0.287129,0.138614,0.023134,2025-10-08,0.009727,$NDX,101,0.574257,0.594059,0.564356,101,0.011464
-0.445545,0.089109,-0.002727,2025-10-09,-0.005878,$NDX,101,0.524752,0.613861,0.544554,101,-0.00121
-0.742574,-0.039604,-0.043924,2025-10-10,-0.03023,$NDX,101,0.287129,0.544554,0.425743,101,-0.034714
0.524752,0.019802,0.027496,2025-10-13,0.017001,$NDX,101,0.386139,0.584158,0.465347,101,0.021221
0.227723,0.089109,-0.012681,2025-10-14,0.001448,$NDX,101,0.39604,0.594059,0.50495,101,-0.006661
0.029703,0.069307,0.013135,2025-10-15,0.002547,$NDX,101,0.435644,0.564356,0.514851,101,0.007057
-0.326733,-0.049505,-0.004082,2025-10-16,-0.005475,$NDX,101,0.376238,0.554455,0.455446,101,-0.003703
0.49505,-0.009901,0.007545,2025-10-17,0.006625,$NDX,101,0.445545,0.544554,0.524752,101,0.006567
0.70297,0.108911,0.01447,2025-10-20,0.01349,$NDX,101,0.673267,0.564356,0.594059,101,0.012601
0.227723,0.148515,-0.00233,2025-10-21,0.005666,$NDX,101,0.752475,0.613861,0.653465,101,-0.000262
-0.425743,0.138614,-0.012757,2025-10-22,-0.00916,$NDX,101,0.623762,0.623762,0.594059,101,-0.009634
0.267327,0.188119,0.013305,2025-10-23,0.007246,$NDX,101,0.653465,0.633663,0.60396,101,0.008407
0.108911,0.158416,0.001903,2025-10-24,0.004043,$NDX,101,0.673267,0.633663,0.633663,101,0.010678
0.50495,0.207921,0.024845,2025-10-27,0.01197,$NDX,101,0.732673,0.633663,0.70297,101,0.017809
-0.366337,0.158416,0.008029,2025-10-28,-0.003346,$NDX,101,0.633663,0.623762,0.643564,101,0.00769
-0.346535,0.049505,0.008088,2025-10-29,-0.010543,$NDX,101,0.50495,0.594059,0.574257,101,0.004503
-0.089109,-0.019802,-0.023391,2025-10-30,-0.006216,$NDX,101,0.455446,0.564356,0.544554,101,-0.015289
0.137255,0.009901,0.005639,2025-10-31,0.004054,$NDX,102,0.524752,0.564356,0.564356,102,0.004824
-0.22549,-0.029703,0.009047,2025-11-03,-0.001286,$NDX,102,0.49505,0.554455,0.544554,102,0.004785
-0.431373,-0.019802,-0.029551,2025-11-04,-0.016821,$NDX,102,0.386139,0.524752,0.514851,102,-0.020298
0.245098,-0.069307,0.011002,2025-11-05,0.01013,$NDX,102,0.445545,0.554455,0.49505,102,0.006508
-0.686275,-0.089109,-0.028518,2025-11-06,-0.017351,$NDX,102,0.326733,0.534653,0.455446,102,-0.018627
0.196078,0.049505,-0.006954,2025-11-07,0.000778,$NDX,102,0.346535,0.534653,0.475248,102,-0.003155
0.445545,0.029703,0.031274,2025-11-10,0.010575,$NDX,101,0.405941,0.544554,0.49505,101,0.022124
0.148515,-0.009901,-0.00993,2025-11-11,0.001198,$NDX,101,0.405941,0.554455,0.49505,101,-0.002663
0.059406,-0.019802,0.000999,2025-11-12,0.000355,$NDX,101,0.415842,0.554455,0.49505,101,-0.000788
-0.544554,-0.019802,-0.028514,2025-11-13,-0.014147,$NDX,101,0.336634,0.534653,0.435644,101,-0.020416
-0.188119,-0.108911,0.002974,2025-11-14,-0.002423,$NDX,101,0.29703,0.524752,0.415842,101,0.000756
-0.524752,-0.227723,-0.007096,2025-11-17,-0.011439,$NDX,101,0.247525,0.514851,0.366337,101,-0.008541
-0.128713,-0.306931,-0.015618,2025-11-18,-0.003581,$NDX,101,0.277228,0.514851,0.346535,101,-0.012176
-0.108911,-0.217822,0.004271,2025-11-19,-0.000212,$NDX,101,0.267327,0.49505,0.376238,101,0.00597
-0.762376,-0.316832,-0.028354,2025-11-20,-0.02119,$NDX,101,0.247525,0.485149,0.287129,101,-0.023672
0.544554,-0.326733,0.003367,2025-11-21,0.016143,$NDX,101,0.306931,0.50495,0.306931,101,0.007513
0.326733,-0.346535,0.035319,2025-11-24,0.011952,$NDX,101,0.356436,0.50495,0.356436,101,0.025573
0.60396,-0.227723,0.003764,2025-11-25,0.010009,$NDX,101,0.435644,0.524752,0.415842,101,0.006164
0.445545,-0.128713,0.009066,2025-11-26,0.005834,$NDX,101,0.544554,0.514851,0.445545,101,0.008836
0.742574,-0.079208,0.00672,2025-11-28,0.009168,$NDX,101,0.623762,0.524752,0.465347,101,0.008107
-0.306931,-0.128713,-0.002129,2025-12-01,-0.003937,$NDX,101,0.564356,0.524752,0.435644,101,-0.003359
0.465347,-0.019802,0.009493,2025-12-02,0.010756,$NDX,101,0.663366,0.554455,0.524752,101,0.007826
0.386139,0.049505,0.008742,2025-12-03,0.011342,$NDX,101,0.722772,0.60396,0.564356,101,0.002444
-0.207921,0.069307,0.001647,2025-12-04,-0.002783,$NDX,101,0.70297,0.584158,0.564356,101,-0.00093
0.267327,0.118812,0.004761,2025-12-05,0.004992,$NDX,101,0.693069,0.633663,0.574257,101,0.004077
-0.29703,0.039604,-0.004549,2025-12-08,-0.005683,$NDX,101,0.643564,0.594059,0.514851,101,-0.001918
-0.009901,0.019802,0.003428,2025-12-09,-0.000726,$NDX,101,0.623762,0.584158,0.514851,101,0.001233
0.405941,0.089109,0.004681,2025-12-10,0.00817,$NDX,101,0.653465,0.60396,0.584158,101,0.004096
0.138614,0.089109,-0.00466,2025-12-11,0.000363,$NDX,101,0.673267,0.594059,0.584158,101,-0.003234
-0.287129,0.089109,-0.02031,2025-12-12,-0.010322,$NDX,101,0.623762,0.584158,0.524752,101,-0.019118
0.049505,0.118812,-0.004099,2025-12-15,-0.00273,$NDX,101,0.564356,0.594059,0.534653,101,-0.005019
-0.138614,0.188119,0.008193,2025-12-16,-0.00143,$NDX,101,0.574257,0.584158,0.554455,101,0.001982
-0.39604,0.207921,-0.02793,2025-12-17,-0.012095,$NDX,101,0.465347,0.564356,0.554455,101,-0.018537
0.39604,0.188119,0.021146,2025-12-18,0.009346,$NDX,101,0.534653,0.60396,0.564356,101,0.01449
0.366337,0.267327,0.015544,2025-12-19,0.007247,$NDX,101,0.534653,0.584158,0.554455,101,0.013035
0.425743,0.267327,0.005589,2025-12-22,0.005271,$NDX,101,0.613861,0.613861,0.574257,101,0.004794
-0.128713,0.217822,0.004134,2025-12-23,-0.001856,$NDX,101,0.594059,0.613861,0.574257,101,0.004683
0.49505,0.158416,0.002044,2025-12-24,0.002882,$NDX,101,0.60396,0.613861,0.574257,101,0.002926
0.227723,0.128713,-0.00431,2025-12-26,0.000549,$NDX,101,0.594059,0.613861,0.574257,101,-6.4e-05
-0.267327,0.128713,-0.010884,2025-12-29,-0.002712,$NDX,101,0.584158,0.613861,0.594059,101,-0.004841
-0.356436,0.128713,-0.003959,2025-12-30,-0.002553,$NDX,101,0.50495,0.60396,0.564356,101,-0.002319
-0.980198,-0.019802,-0.009493,2025-12-31,-0.009391,$NDX,101,0.326733,0.594059,0.50495,101,-0.008266
-0.069307,-0.118812,0.000263,2026-01-02,0.000864,$NDX,101,0.376238,0.544554,0.445545,101,-0.001937
0.294118,-0.059406,0.011423,2026-01-05,0.008741,$NDX,102,0.475248,0.584158,0.50495,102,0.007943
0.45098,-0.009901,0.005464,2026-01-06,0.016486,$NDX,102,0.584158,0.613861,0.564356,102,0.008787
-0.147059,0.039604,-0.001421,2026-01-07,-0.004241,$NDX,102,0.574257,0.623762,0.554455,102,0.000962
-0.019608,0.059406,-0.008293,2026-01-08,-0.003955,$NDX,102,0.584158,0.60396,0.574257,102,-0.005689
0.215686,-0.009901,0.01283,2026-01-09,0.008103,$NDX,102,0.594059,0.623762,0.574257,102,0.00996
-0.137255,0.0,0.00246,2026-01-12,-0.001305,$NDX,102,0.564356,0.60396,0.584158,102,0.00083
-0.078431,0.029703,0.000643,2026-01-13,-0.00286,$NDX,102,0.539216,0.60396,0.554455,102,-0.001483
-0.158416,0.029703,-0.009909,2026-01-14,-0.004703,$NDX,101,0.544554,0.574257,0.564356,101,-0.010683
-0.089109,0.0,0.002317,2026-01-15,0.000604,$NDX,101,0.554455,0.60396,0.554455,101,0.003599
-0.089109,-0.019802,0.001125,2026-01-16,-0.002457,$NDX,101,0.554455,0.584158,0.534653,101,-0.000836
-0.465347,-0.09901,-0.020861,2026-01-20,-0.014694,$NDX,101,0.435644,0.574257,0.465347,101,-0.021247
0.544554,-0.019802,0.019863,2026-01-21,0.01548,$NDX,101,0.49505,0.574257,0.534653,101,0.013518
0.376238,-0.019802,0.010916,2026-01-22,0.006701,$NDX,101,0.534653,0.60396,0.554455,101,0.007269
-0.049505,-0.009901,-0.001574,2026-01-23,-0.001202,$NDX,101,0.564356,0.594059,0.564356,101,0.003157
0.306931,0.0,-0.003556,2026-01-26,0.006098,$NDX,101,0.534653,0.613861,0.574257,101,0.0044
0.108911,0.029703,0.010553,2026-01-27,0.00266,$NDX,101,0.564356,0.633663,0.60396,101,0.009065
-0.188119,-0.019802,0.010004,2026-01-28,0.001134,$NDX,101,0.534653,0.60396,0.574257,101,0.003311
-0.188119,-0.009901,-0.004061,2026-01-29,-0.008652,$NDX,101,0.485149,0.574257,0.554455,101,-0.005985
-0.287129,0.049505,-0.013982,2026-01-30,-0.012523,$NDX,101,0.49505,0.554455,0.554455,101,-0.012011
0.168317,0.089109,0.006596,2026-02-02,0.00484,$NDX,101,0.445545,0.554455,0.534653,101,0.006866
-0.326733,-0.009901,-0.014754,2026-02-03,-0.021764,$NDX,101,0.465347,0.524752,0.49505,101,-0.015364
0.009901,-0.049505,-0.031742,2026-02-04,-0.005527,$NDX,101,0.435644,0.524752,0.514851,101,-0.017469
-0.366337,-0.069307,-0.017888,2026-02-05,-0.016949,$NDX,101,0.405941,0.50495,0.485149,101,-0.014395
0.524752,-0.059406,0.027426,2026-02-06,0.022034,$NDX,101,0.475248,0.514851,0.514851,101,0.021138
0.069307,-0.049505,0.010828,2026-02-09,0.005221,$NDX,101,0.465347,0.50495,0.524752,101,0.00766
-0.108911,-0.089109,-0.005964,2026-02-10,8.1e-05,$NDX,101,0.475248,0.514851,0.49505,101,-0.004639
0.089109,-0.049505,0.001513,2026-02-11,0.000362,$NDX,101,0.514851,0.534653,0.50495,101,0.002682
-0.544554,-0.079208,-0.022902,2026-02-12,-0.019652,$NDX,101,0.475248,0.524752,0.485149,101,-0.020339
0.425743,-0.079208,0.001808,2026-02-13,0.012321,$NDX,101,0.465347,0.534653,0.475248,101,0.002131
0.0,-0.059406,-0.002706,2026-02-17,-0.004211,$NDX,101,0.455446,0.514851,0.475248,101,-0.00103
0.524752,0.019802,0.0101,2026-02-18,0.009787,$NDX,101,0.50495,0.514851,0.485149,101,0.007467
-0.19802,-0.039604,-0.003382,2026-02-19,-0.003569,$NDX,101,0.445545,0.514851,0.49505,101,-0.00383
0.287129,-0.059406,0.007689,2026-02-20,0.0035,$NDX,101,0.514851,0.524752,0.49505,101,0.008849
-0.405941,-0.069307,-0.017253,2026-02-23,-0.018204,$NDX,101,0.475248,0.50495,0.49505,101,-0.012155
0.485149,-0.069307,0.01242,2026-02-24,0.013197,$NDX,101,0.49505,0.534653,0.50495,101,0.010741
0.405941,-0.079208,0.017078,2026-02-25,0.013567,$NDX,101,0.594059,0.534653,0.524752,101,0.014493
-0.009901,-0.039604,-0.015935,2026-02-26,0.002745,$NDX,101,0.544554,0.544554,0.534653,101,-0.012065
-0.049505,-0.039604,-0.009947,2026-02-27,-0.000158,$NDX,101,0.554455,0.554455,0.514851,101,-0.003201
-0.128713,-0.029703,0.006115,2026-03-02,-0.001588,$NDX,101,0.534653,0.534653,0.524752,101,0.001317
-0.287129,-0.079208,-0.013584,2026-03-03,-0.008662,$NDX,101,0.445545,0.50495,0.455446,101,-0.010706
0.465347,0.019802,0.022261,2026-03-04,0.014425,$NDX,101,0.574257,0.49505,0.514851,101,0.015243
-0.168317,-0.079208,0.00116,2026-03-05,-0.002068,$NDX,101,0.485149,0.50495,0.435644,101,-0.003013
-0.306931,-0.09901,-0.015356,2026-03-06,-0.010376,$NDX,101,0.465347,0.49505,0.386139,101,-0.015043
0.326733,-0.049505,0.017837,2026-03-09,0.008347,$NDX,101,0.475248,0.485149,0.465347,101,0.013356
-0.168317,-0.108911,0.000535,2026-03-10,-0.00822,$NDX,101,0.435644,0.475248,0.415842,101,1.6e-05
-0.168317,-0.079208,0.00424,2026-03-11,-0.003825,$NDX,101,0.415842,0.475248,0.415842,101,-0.000132
-0.742574,-0.217822,-0.020083,2026-03-12,-0.020855,$NDX,101,0.267327,0.465347,0.287129,101,-0.017163
0.059406,-0.19802,-0.006002,2026-03-13,-0.000486,$NDX,101,0.277228,0.445545,0.287129,101,-0.005927
0.524752,-0.148515,0.015385,2026-03-16,0.011477,$NDX,101,0.29703,0.465347,0.326733,101,0.011217
0.306931,-0.108911,0.00716,2026-03-17,0.007315,$NDX,101,0.326733,0.465347,0.366337,101,0.00488
-0.643564,-0.207921,-0.012973,2026-03-18,-0.015524,$NDX,101,0.247525,0.445545,0.277228,101,-0.01394
-0.168317,-0.227723,-0.007037,2026-03-19,-0.000153,$NDX,101,0.267327,0.445545,0.267327,101,-0.00316
-0.564356,-0.316832,-0.025899,2026-03-20,-0.014621,$NDX,101,0.188119,0.39604,0.178218,101,-0.018482
0.623762,-0.287129,0.01078,2026-03-23,0.01125,$NDX,101,0.237624,0.435644,0.207921,101,0.011479
-0.188119,-0.287129,-0.009265,2026-03-24,-0.01022,$NDX,101,0.158416,0.445545,0.217822,101,-0.006837
0.336634,-0.247525,0.006259,2026-03-25,0.007262,$NDX,101,0.237624,0.445545,0.277228,101,0.006576
-0.346535,-0.376238,-0.034735,2026-03-26,-0.012368,$NDX,101,0.138614,0.445545,0.158416,101,-0.023868
-0.633663,-0.366337,-0.021037,2026-03-27,-0.020297,$NDX,101,0.108911,0.405941,0.148515,101,-0.019537
0.089109,-0.356436,-0.014025,2026-03-30,-0.002265,$NDX,101,0.128713,0.39604,0.168317,101,-0.007643
0.663366,-0.247525,0.043004,2026-03-31,0.02702,$NDX,101,0.326733,0.435644,0.207921,101,0.033854
0.207921,-0.257426,0.020532,2026-04-01,0.006821,$NDX,101,0.425743,0.445545,0.257426,101,0.012353
0.0,-0.138614,-0.002004,2026-04-02,0.000822,$NDX,101,0.445545,0.445545,0.29703,101,0.001147
0.29703,-0.039604,0.005062,2026-04-06,0.00717,$NDX,101,0.514851,0.445545,0.346535,101,0.006017
-0.168317,-0.158416,-0.000294,2026-04-07,-0.003166,$NDX,101,0.514851,0.455446,0.306931,101,0.000153
0.564356,0.069307,0.029963,2026-04-08,0.023991,$NDX,101,0.683168,0.485149,0.485149,101,0.029732
0.089109,0.089109,0.008932,2026-04-09,-0.005039,$NDX,101,0.633663,0.49505,0.50495,101,0.006765
-0.425743,0.158416,0.00461,2026-04-10,-0.007402,$NDX,101,0.564356,0.485149,0.445545,101,0.001442
0.485149,0.178218,0.016498,2026-04-13,0.016216,$NDX,101,0.653465,0.485149,0.465347,101,0.010342
0.326733,0.178218,0.024784,2026-04-14,0.008859,$NDX,101,0.70297,0.49505,0.50495,101,0.018157
0.049505,0.178218,0.017758,2026-04-15,0.011738,$NDX,101,0.732673,0.485149,0.544554,101,0.013999
0.326733,0.316832,0.003414,2026-04-16,0.007036,$NDX,101,0.752475,0.49505,0.594059,101,0.004816
0.554455,0.356436,0.012354,2026-04-17,0.012571,$NDX,101,0.80198,0.514851,0.623762,101,0.013084
0.108911,0.475248,-0.005638,2026-04-20,0.003684,$NDX,101,0.811881,0.514851,0.653465,101,-0.003175
-0.188119,0.415842,-0.003438,2026-04-21,-0.003847,$NDX,101,0.732673,0.524752,0.623762,101,-0.003803
0.306931,0.425743,0.025796,2026-04-22,0.010776,$NDX,101,0.742574,0.534653,0.643564,101,0.016731
-0.108911,0.346535,-0.011077,2026-04-23,-0.003616,$NDX,101,0.693069,0.514851,0.623762,101,-0.005633
0.108911,0.455446,0.031636,2026-04-24,0.008677,$NDX,101,0.683168,0.534653,0.613861,101,0.019127
-0.247525,0.425743,0.006256,2026-04-27,-0.004698,$NDX,101,0.613861,0.534653,0.574257,101,0.000527
-0.257426,0.376238,-0.016474,2026-04-28,-0.008754,$NDX,101,0.594059,0.534653,0.544554,101,-0.010057
-0.009901,0.346535,0.014325,2026-04-29,0.005826,$NDX,101,0.584158,0.544554,0.554455,101,0.006114
0.39604,0.366337,0.012186,2026-04-30,0.013635,$NDX,101,0.623762,0.564356,0.623762,101,0.009326
0.148515,0.356436,0.014191,2026-05-01,0.007216,$NDX,101,0.663366,0.564356,0.653465,101,0.0096
-0.207921,0.257426,0.005229,2026-05-04,-0.001519,$NDX,101,0.594059,0.554455,0.60396,101,-0.001884
0.227723,0.287129,0.030024,2026-05-05,0.0064,$NDX,101,0.594059,0.554455,0.594059,101,0.012974
0.247525,0.089109,0.032345,2026-05-06,0.009398,$NDX,101,0.623762,0.564356,0.574257,101,0.020774
-0.108911,0.09901,-0.008405,2026-05-07,0.002444,$NDX,101,0.613861,0.574257,0.60396,101,-0.001193
0.029703,0.108911,0.048386,2026-05-08,0.008473,$NDX,101,0.564356,0.574257,0.554455,101,0.023441
-0.207921,0.069307,0.015584,2026-05-11,-0.003748,$NDX,101,0.50495,0.584158,0.534653,101,0.002896
-0.148515,0.039604,-0.022988,2026-05-12,-0.005458,$NDX,101,0.544554,0.584158,0.544554,101,-0.008482
-0.128713,-0.029703,0.015022,2026-05-13,-0.001482,$NDX,101,0.50495,0.574257,0.514851,101,0.010562
0.128713,-0.079208,0.001074,2026-05-14,0.005561,$NDX,101,0.485149,0.584158,0.514851,101,0.007108
-0.267327,-0.09901,-0.02373,2026-05-15,-0.006566,$NDX,101,0.49505,0.584158,0.524752,101,-0.015088
0.267327,-0.079208,-0.016653,2026-05-18,0.00582,$NDX,101,0.554455,0.594059,0.574257,101,-0.004302
-0.227723,-0.059406,-5.1e-05,2026-05-19,-0.003292,$NDX,101,0.49505,0.574257,0.564356,101,-0.006163
0.475248,-0.039604,0.025359,2026-05-20,0.015491,$NDX,101,0.584158,0.594059,0.60396,101,0.016564
0.128713,-0.019802,0.010727,2026-05-21,0.004209,$NDX,101,0.584158,0.594059,0.60396,101,0.001907
0.207921,0.009901,0.001422,2026-05-22,0.007966,$NDX,101,0.60396,0.594059,0.623762,101,0.004241
-0.009901,-0.009901,0.034496,2026-05-26,0.009258,$NDX,101,0.60396,0.60396,0.564356,101,0.017755
-0.207921,-0.009901,0.000947,2026-05-27,-0.007214,$NDX,101,0.574257,0.623762,0.534653,101,-0.001137
0.247525,0.059406,0.009521,2026-05-28,0.007923,$NDX,101,0.623762,0.623762,0.613861,101,0.008431
-0.049505,-0.049505,0.012615,2026-05-29,0.006758,$NDX,101,0.554455,0.60396,0.574257,101,0.003684
0.089109,0.009901,0.016767,2026-06-01,0.011833,$NDX,101,0.584158,0.554455,0.663366,101,0.006
-0.128713,-0.019802,0.007263,2026-06-02,0.000501,$NDX,101,0.564356,0.554455,0.584158,101,0.004604
-0.069307,-0.009901,-0.001114,2026-06-03,-0.004785,$NDX,101,0.574257,0.584158,0.584158,101,-0.002613
0.217822,0.049505,-0.010536,2026-06-04,0.001634,$NDX,101,0.594059,0.60396,0.623762,101,-0.004837
-0.366337,-0.089109,-0.07329,2026-06-05,-0.02998,$NDX,101,0.49505,0.594059,0.514851,101,-0.048001
-0.019802,0.009901,0.036545,2026-06-08,0.007708,$NDX,101,0.465347,0.594059,0.564356,101,0.015616
0.009901,-0.019802,-0.018892,2026-06-09,-0.004955,$NDX,101,0.455446,0.594059,0.514851,101,-0.011507
-0.405941,-0.09901,-0.027394,2026-06-10,-0.015183,$NDX,101,0.376238,0.554455,0.445545,101,-0.019977
0.39604,-0.029703,0.054807,2026-06-11,0.023394,$NDX,101,0.50495,0.584158,0.485149,101,0.033776
0.386139,0.0,0.010296,2026-06-12,0.007955,$NDX,101,0.544554,0.584158,0.514851,101,0.005885
0.326733,0.089109,0.04561,2026-06-15,0.018512,$NDX,101,0.594059,0.584158,0.613861,101,0.031414
-0.287129,0.0,-0.032524,2026-06-16,-0.011687,$NDX,101,0.554455,0.584158,0.574257,101,-0.019005
-0.613861,-0.089109,0.00021,2026-06-17,-0.015406,$NDX,101,0.346535,0.584158,0.475248,101,-0.01007
0.247525,-0.079208,0.039528,2026-06-18,0.010754,$NDX,101,0.376238,0.574257,0.524752,101,0.025065
-0.138614,-0.108911,0.003115,2026-06-22,-0.003229,$NDX,101,0.445545,0.623762,0.49505,101,-0.002509
-0.178218,-0.089109,-0.054868,2026-06-23,-0.017909,$NDX,101,0.386139,0.643564,0.534653,101,-0.032929
0.029703,0.019802,-0.008167,2026-06-24,-0.000562,$NDX,101,0.445545,0.643564,0.584158,101,-0.004246
-0.049505,0.009901,0.03771,2026-06-25,0.003664,$NDX,101,0.445545,0.60396,0.544554,101,0.008106
0.108911,-0.108911,-0.029301,2026-06-26,-0.001683,$NDX,101,0.475248,0.60396,0.50495,101,-0.013764
